{"packages/cupertino_icons/assets/CupertinoIcons.ttf":["packages/cupertino_icons/assets/CupertinoIcons.ttf"],"packages/easy_localization/i18n/ar-DZ.json":["packages/easy_localization/i18n/ar-DZ.json"],"packages/easy_localization/i18n/ar.json":["packages/easy_localization/i18n/ar.json"],"packages/easy_localization/i18n/en-US.json":["packages/easy_localization/i18n/en-US.json"],"packages/easy_localization/i18n/en.json":["packages/easy_localization/i18n/en.json"],"packages/fluttertoast/assets/toastify.css":["packages/fluttertoast/assets/toastify.css"],"packages/fluttertoast/assets/toastify.js":["packages/fluttertoast/assets/toastify.js"],"res/.DS_Store":["res/.DS_Store","res/image/.DS_Store"],"res/fonts/gilroy_bold.otf":["res/fonts/gilroy_bold.otf"],"res/fonts/gilroy_medium.otf":["res/fonts/gilroy_medium.otf"],"res/fonts/gilroy_regular.otf":["res/fonts/gilroy_regular.otf"],"res/fonts/gilroy_semi_bold.otf":["res/fonts/gilroy_semi_bold.otf"],"res/image/.DS_Store":["res/image/.DS_Store"],"res/image/banner_promotion.png":["res/image/banner_promotion.png"],"res/image/bg_access_contact.png":["res/image/bg_access_contact.png"],"res/image/bg_destination.png":["res/image/bg_destination.png"],"res/image/ic_add_drop_off.png":["res/image/ic_add_drop_off.png"],"res/image/ic_add_orange.png":["res/image/ic_add_orange.png"],"res/image/ic_add_save_place.png":["res/image/ic_add_save_place.png"],"res/image/ic_ahamove.png":["res/image/ic_ahamove.png"],"res/image/ic_ahanow.png":["res/image/ic_ahanow.png"],"res/image/ic_arrow_right.png":["res/image/ic_arrow_right.png"],"res/image/ic_back.png":["res/image/ic_back.png"],"res/image/ic_cancel.png":["res/image/ic_cancel.png"],"res/image/ic_check_circle.png":["res/image/ic_check_circle.png"],"res/image/ic_chevron_right.png":["res/image/ic_chevron_right.png"],"res/image/ic_clear.png":["res/image/ic_clear.png"],"res/image/ic_close.png":["res/image/ic_close.png"],"res/image/ic_contact.png":["res/image/ic_contact.png"],"res/image/ic_current_location.png":["res/image/ic_current_location.png"],"res/image/ic_destination.png":["res/image/ic_destination.png"],"res/image/ic_drop_off.png":["res/image/ic_drop_off.png"],"res/image/ic_drop_off_point.png":["res/image/ic_drop_off_point.png"],"res/image/ic_dropdown.png":["res/image/ic_dropdown.png"],"res/image/ic_dropdown_blue.png":["res/image/ic_dropdown_blue.png"],"res/image/ic_dropdown_blue_expanding.png":["res/image/ic_dropdown_blue_expanding.png"],"res/image/ic_dropdown_expanding.png":["res/image/ic_dropdown_expanding.png"],"res/image/ic_dropoff_map.png":["res/image/ic_dropoff_map.png"],"res/image/ic_empty_save_place.png":["res/image/ic_empty_save_place.png"],"res/image/ic_ev.png":["res/image/ic_ev.png"],"res/image/ic_failed.png":["res/image/ic_failed.png"],"res/image/ic_frequent_used.png":["res/image/ic_frequent_used.png"],"res/image/ic_google_logo.png":["res/image/ic_google_logo.png"],"res/image/ic_history.png":["res/image/ic_history.png"],"res/image/ic_info.png":["res/image/ic_info.png"],"res/image/ic_minus.png":["res/image/ic_minus.png"],"res/image/ic_my_location.png":["res/image/ic_my_location.png"],"res/image/ic_next.png":["res/image/ic_next.png"],"res/image/ic_no_promo.png":["res/image/ic_no_promo.png"],"res/image/ic_note.png":["res/image/ic_note.png"],"res/image/ic_one_drop_off.png":["res/image/ic_one_drop_off.png"],"res/image/ic_pick_on_map.png":["res/image/ic_pick_on_map.png"],"res/image/ic_pickup.png":["res/image/ic_pickup.png"],"res/image/ic_pickup_map.png":["res/image/ic_pickup_map.png"],"res/image/ic_pickup_point.png":["res/image/ic_pickup_point.png"],"res/image/ic_plus_orange.png":["res/image/ic_plus_orange.png"],"res/image/ic_position_marker.png":["res/image/ic_position_marker.png"],"res/image/ic_recent_place.png":["res/image/ic_recent_place.png"],"res/image/ic_remove_drop_off.png":["res/image/ic_remove_drop_off.png"],"res/image/ic_ride_header.png":["res/image/ic_ride_header.png"],"res/image/ic_save_place.png":["res/image/ic_save_place.png"],"res/image/ic_saved_place_home.png":["res/image/ic_saved_place_home.png"],"res/image/ic_saved_place_other.png":["res/image/ic_saved_place_other.png"],"res/image/ic_saved_place_work.png":["res/image/ic_saved_place_work.png"],"res/image/ic_search.png":["res/image/ic_search.png"],"res/image/ic_search_by_google.png":["res/image/ic_search_by_google.png"],"res/image/ic_star.png":["res/image/ic_star.png"],"res/image/ic_suggest_location.png":["res/image/ic_suggest_location.png"],"res/image/ic_switch_drop_off.png":["res/image/ic_switch_drop_off.png"],"res/image/ic_two_drop_off.png":["res/image/ic_two_drop_off.png"],"res/image/ic_voucher.png":["res/image/ic_voucher.png"],"res/image/ic_warning.png":["res/image/ic_warning.png"],"res/image/placeholder_voucher.png":["res/image/placeholder_voucher.png"],"res/lottie/loading_gray.json":["res/lottie/loading_gray.json"],"res/lottie/lottie_load_more.json":["res/lottie/lottie_load_more.json"],"res/map/map_style.json":["res/map/map_style.json"],"res/translations/en.json":["res/translations/en.json"],"res/translations/vi.json":["res/translations/vi.json"]}